{
  "buildCommand": "npm run build",
  "outputDirectory": "dist",
  "framework": "vite",
  "rewrites": [
    { "source": "/(.*)", "destination": "/index.html" }
  ],
  "headers": [
    {
      "source": "/sw.js",
      "headers": [
        { "key": "Cache-Control", "value": "no-cache" },
        { "key": "Service-Worker-Allowed", "value": "/" }
      ]
    },
    {
      "source": "/manifest.json",
      "headers": [
        { "key": "Content-Type", "value": "application/manifest+json" }
      ]
    }
  ]
}
