<?xml version="1.0" encoding="utf-8"?>
<!--
  Android Color Resources for Deaf Communication Aid
  Copy this file to: android/app/src/main/res/values/colors.xml
  after running 'npx cap add android'
-->
<resources>
    <!-- Primary Brand Colors -->
    <color name="colorPrimary">#6366F1</color>
    <color name="colorPrimaryDark">#4F46E5</color>
    <color name="colorPrimaryLight">#818CF8</color>
    <color name="colorAccent">#8B5CF6</color>
    
    <!-- Background Colors -->
    <color name="colorBackground">#0F172A</color>
    <color name="colorBackgroundLight">#1E293B</color>
    <color name="colorSurface">#1E293B</color>
    <color name="colorSurfaceVariant">#334155</color>
    
    <!-- Text Colors -->
    <color name="colorTextPrimary">#F8FAFC</color>
    <color name="colorTextSecondary">#94A3B8</color>
    <color name="colorTextHint">#64748B</color>
    
    <!-- Status Colors -->
    <color name="colorSuccess">#22C55E</color>
    <color name="colorWarning">#F59E0B</color>
    <color name="colorError">#EF4444</color>
    <color name="colorInfo">#3B82F6</color>
    
    <!-- Emergency Colors -->
    <color name="colorEmergency">#DC2626</color>
    <color name="colorEmergencyDark">#B91C1C</color>
    
    <!-- Accessibility High Contrast Colors -->
    <color name="colorHighContrastText">#FFFFFF</color>
    <color name="colorHighContrastBackground">#000000</color>
    <color name="colorHighContrastAccent">#FFFF00</color>
    
    <!-- Splash Screen -->
    <color name="splash_background">#0F172A</color>
    
    <!-- Status Bar -->
    <color name="status_bar">#0F172A</color>
    
    <!-- Navigation Bar -->
    <color name="navigation_bar">#0F172A</color>
</resources>
