<?xml version="1.0" encoding="utf-8"?>
<!--
  Android String Resources for Deaf Communication Aid
  Copy this file to: android/app/src/main/res/values/strings.xml
  after running 'npx cap add android'
-->
<resources>
    <!-- App Name -->
    <string name="app_name">Deaf Comm Aid</string>
    <string name="title_activity_main">Deaf Communication Aid</string>
    <string name="package_name">com.deafcomm.app</string>
    <string name="custom_url_scheme">deafcomm</string>
    
    <!-- Accessibility Descriptions -->
    <string name="accessibility_app_description">Communication aid for deaf and hard of hearing users</string>
    <string name="accessibility_speech_to_text">Speech to text transcription</string>
    <string name="accessibility_text_to_speech">Text to speech conversion</string>
    <string name="accessibility_video_call">Video call with captions</string>
    <string name="accessibility_emergency">Emergency communication</string>
    
    <!-- Permission Rationales -->
    <string name="camera_permission_rationale">Camera access is needed for video calls and visual communication features.</string>
    <string name="microphone_permission_rationale">Microphone access is needed for speech-to-text transcription and voice communication.</string>
    <string name="notification_permission_rationale">Notifications help you stay informed about incoming calls and messages.</string>
    <string name="storage_permission_rationale">Storage access is needed to save and share communication content.</string>
    
    <!-- Feature Labels -->
    <string name="feature_speech_to_text">Speech to Text</string>
    <string name="feature_text_to_speech">Text to Speech</string>
    <string name="feature_video_calls">Video Calls</string>
    <string name="feature_quick_phrases">Quick Phrases</string>
    <string name="feature_asl_learning">ASL Learning</string>
    <string name="feature_emergency">Emergency Mode</string>
    
    <!-- Button Labels -->
    <string name="btn_start_listening">Start Listening</string>
    <string name="btn_stop_listening">Stop Listening</string>
    <string name="btn_speak">Speak</string>
    <string name="btn_copy">Copy</string>
    <string name="btn_share">Share</string>
    <string name="btn_settings">Settings</string>
    <string name="btn_emergency">Emergency</string>
    
    <!-- Content Descriptions for Screen Readers -->
    <string name="cd_microphone_button">Microphone button, tap to start speech recognition</string>
    <string name="cd_speaker_button">Speaker button, tap to hear text spoken aloud</string>
    <string name="cd_video_call_button">Video call button, tap to start a video call</string>
    <string name="cd_emergency_button">Emergency button, tap for emergency communication options</string>
    <string name="cd_settings_button">Settings button, tap to open settings</string>
    <string name="cd_copy_button">Copy button, tap to copy text to clipboard</string>
    <string name="cd_share_button">Share button, tap to share content</string>
    
    <!-- Error Messages -->
    <string name="error_camera_permission">Camera permission is required for video calls</string>
    <string name="error_microphone_permission">Microphone permission is required for speech recognition</string>
    <string name="error_speech_recognition">Speech recognition is not available on this device</string>
    <string name="error_network">Network connection required for this feature</string>
    <string name="error_generic">Something went wrong. Please try again.</string>
    
    <!-- Success Messages -->
    <string name="success_text_copied">Text copied to clipboard</string>
    <string name="success_settings_saved">Settings saved</string>
    
    <!-- Splash Screen -->
    <string name="splash_loading">Loading Deaf Communication Aid…</string>
</resources>
